{
  "index": 12,
  "last_polled": {
    "LITE": 1778784169.2525213,
    "LNOK": 1778784769.7510853,
    "MSFT": 1778784469.5292861,
    "MUU": 1778785070.346994,
    "SNDU": 1778741279.9487903,
    "DRAM": 1778785370.6336765,
    "LRCX": 1778785670.4762983,
    "AMAT": 1778785972.5138686,
    "KLAC": 1778786273.5559642,
    "NVDA": 1778786574.0587728,
    "AMD": 1778786874.5424564,
    "WDC": 1778786926.9468122,
    "STX": 1778788591.3147504,
    "SMH": 1778765693.4004846,
    "SOXX": 1778765703.2600377,
    "MU": 1778765994.5861433,
    "AXTI": 1778766300.6249812,
    "ASML": 1778766604.4284918,
    "TOELY": 1778766905.440691,
    "ORCL": 1778767212.449245,
    "TSEM": 1778767503.9496572,
    "QBTS": 1778767514.3906987,
    "NVDL": 1778768734.362003
  }
}