{
  "index": 0,
  "last_polled": {
    "LITE": 1778740554.885104,
    "LNOK": 1778740597.6241045,
    "MSFT": 1778740730.0349145,
    "MUU": 1778741112.6801302,
    "SNDU": 1778741279.9487903,
    "DRAM": 1778741580.081956,
    "LRCX": 1778741904.5424922,
    "AMAT": 1778742090.5701215,
    "KLAC": 1778742267.6846626,
    "NVDA": 1778742324.7778125,
    "AMD": 1778742437.0731354,
    "WDC": 1778742453.9951894,
    "STX": 1778742567.250705,
    "SMH": 1778742858.4293475,
    "SOXX": 1778742860.4756203,
    "MU": 1778743035.9196205,
    "AXTI": 1778743046.3576918,
    "ASML": 1778743094.2216809,
    "TOELY": 1778743224.613016,
    "ORCL": 1778743585.8260543,
    "TSEM": 1778743971.477558,
    "QBTS": 1778744078.3271341
  }
}