{
  "index": 6,
  "last_polled": {
    "LITE": 1778744078.3184443,
    "LNOK": 1778744078.3184443,
    "MSFT": 1778744078.3184443,
    "MUU": 1778744078.3184443,
    "SNDU": 1778744078.3184443,
    "DRAM": 1778744078.3184443,
    "LRCX": 1778743585.8146865,
    "AMAT": 1778743585.8146865,
    "KLAC": 1778743585.8146865,
    "NVDA": 1778743648.7011137,
    "AMD": 1778743648.7011137,
    "WDC": 1778743648.7011137,
    "STX": 1778743648.7011137,
    "SMH": 1778743648.7011137,
    "SOXX": 1778743648.7011137,
    "MU": 1778743963.7313478,
    "AXTI": 1778743963.7313478,
    "ASML": 1778743963.7313478,
    "TOELY": 1778743963.7313478,
    "INTC": 1778743963.7313478,
    "QCOM": 1778743963.7313478,
    "TSM": 1778743971.4754496,
    "MRVL": 1778743971.4754496,
    "ON": 1778743971.4754496,
    "ORCL": 1778743971.4754496,
    "TSEM": 1778743971.4754496,
    "QBTS": 1778743971.4754496
  }
}