{
  "index": 0,
  "last_polled": {
    "LITE": 1778788591.314906,
    "LNOK": 1778788591.314906,
    "MSFT": 1778789841.8754458,
    "MUU": 1778788939.59926,
    "SNDU": 1778746091.6097612,
    "DRAM": 1778788939.59926,
    "LRCX": 1778788939.59926,
    "AMAT": 1778788939.59926,
    "KLAC": 1778788939.59926,
    "NVDA": 1778788939.59926,
    "AMD": 1778789240.2346735,
    "WDC": 1778789240.2346735,
    "STX": 1778789240.2346735,
    "SMH": 1778789240.2346735,
    "SOXX": 1778789240.2346735,
    "MU": 1778789240.2346735,
    "AXTI": 1778789541.2857518,
    "ASML": 1778789541.2857518,
    "TOELY": 1778789541.2857518,
    "INTC": 1778789541.2857518,
    "QCOM": 1778789541.2857518,
    "TSM": 1778789541.2857518,
    "MRVL": 1778789841.8754458,
    "ON": 1778789841.8754458,
    "ORCL": 1778789841.8754458,
    "TSEM": 1778789841.8754458,
    "QBTS": 1778789841.8754458,
    "NVDL": 1778788591.314906
  }
}