{
  "index": 6,
  "last_polled": {
    "LITE": 1778736603.13679,
    "LNOK": 1778736603.13679,
    "MSFT": 1778736603.13679,
    "MUU": 1778736603.13679,
    "SNDU": 1778736603.13679,
    "DRAM": 1778736603.13679,
    "LRCX": 1778736303.5727491,
    "AMAT": 1778736303.5727491,
    "KLAC": 1778736303.5727491,
    "NVDA": 1778736303.5727491,
    "AMD": 1778736303.5727491,
    "WDC": 1778736303.5727491,
    "STX": 1778736438.7924204,
    "SMH": 1778736438.7924204,
    "SOXX": 1778736438.7924204,
    "MU": 1778736438.7924204,
    "AXTI": 1778736438.7924204,
    "ASML": 1778736438.7924204,
    "TOELY": 1778736438.7924204,
    "ORCL": 1778736438.7924204,
    "TSEM": 1778736603.13679,
    "QBTS": 1778736603.13679
  }
}