{
  "index": 8,
  "last_polled": {
    "LITE": 1778789940.3986723,
    "LNOK": 1778789940.3986723,
    "MSFT": 1778789818.8106356,
    "MUU": 1778789940.3986723,
    "SNDU": 1778746822.816525,
    "DRAM": 1778789940.3986723,
    "LRCX": 1778789940.3986723,
    "AMAT": 1778789940.3986723,
    "KLAC": 1778789940.3986723,
    "NVDA": 1778789696.8206313,
    "AMD": 1778789696.8206313,
    "WDC": 1778789696.8206313,
    "STX": 1778789696.8206313,
    "SMH": 1778789696.8206313,
    "SOXX": 1778789696.8206313,
    "MU": 1778789818.8106356,
    "AXTI": 1778789818.8106356,
    "ASML": 1778789818.8106356,
    "TOELY": 1778789818.8106356,
    "ORCL": 1778789818.8106356,
    "TSEM": 1778789818.8106356,
    "QBTS": 1778789818.8106356,
    "NVDL": 1778789940.3986723
  }
}