{
  "index": 14,
  "last_polled": {
    "LITE": 1778788591.3172262,
    "LNOK": 1778788142.8929496,
    "MSFT": 1778787541.9628167,
    "MUU": 1778788591.3172262,
    "SNDU": 1778745973.0635192,
    "DRAM": 1778788591.3172262,
    "LRCX": 1778788591.3172262,
    "AMAT": 1778789237.7238514,
    "KLAC": 1778789237.7238514,
    "NVDA": 1778789237.7238514,
    "AMD": 1778789237.7238514,
    "WDC": 1778789838.296253,
    "STX": 1778789838.296253,
    "SMH": 1778789838.296253,
    "SOXX": 1778789838.296253,
    "MU": 1778786874.5474417,
    "AXTI": 1778786874.5474417,
    "ASML": 1778786874.5474417,
    "TOELY": 1778786926.956272,
    "INTC": 1778786926.956272,
    "QCOM": 1778786926.956272,
    "TSM": 1778786926.956272,
    "MRVL": 1778787541.9628167,
    "ON": 1778787541.9628167,
    "ORCL": 1778787541.9628167,
    "TSEM": 1778788142.8929496,
    "QBTS": 1778788142.8929496,
    "NVDL": 1778788142.8929496
  }
}