{
  "index": 6,
  "last_polled": {
    "LITE": 1778743971.4839077,
    "LNOK": 1778743971.4839077,
    "MSFT": 1778744078.3345053,
    "MUU": 1778744078.3345053,
    "SNDU": 1778744078.3345053,
    "DRAM": 1778744078.3345053,
    "LRCX": 1778743046.4099858,
    "AMAT": 1778743046.4099858,
    "KLAC": 1778743046.4099858,
    "NVDA": 1778743094.2784247,
    "AMD": 1778743094.2784247,
    "WDC": 1778743094.2784247,
    "STX": 1778743094.2784247,
    "SMH": 1778743224.6146548,
    "SOXX": 1778743224.6146548,
    "MU": 1778743224.6146548,
    "AXTI": 1778743224.6146548,
    "ASML": 1778743585.8876996,
    "TOELY": 1778743585.8876996,
    "INTC": 1778743585.8876996,
    "QCOM": 1778743585.8876996,
    "TSM": 1778743647.8110974,
    "MRVL": 1778743647.8110974,
    "ON": 1778743647.8110974,
    "ORCL": 1778743647.8110974,
    "TSEM": 1778743971.4839077,
    "QBTS": 1778743971.4839077
  }
}