{
  "index": 36,
  "last_polled": {
    "LITE": 1778789122.8011973,
    "LNOK": 1778789122.8011973,
    "MSFT": 1778789604.052851,
    "MUU": 1778789122.8011973,
    "SNDU": 1778746709.1822252,
    "DRAM": 1778789122.8011973,
    "LRCX": 1778789122.8011973,
    "AMAT": 1778789363.3387363,
    "KLAC": 1778789363.3387363,
    "NVDA": 1778789363.3387363,
    "AMD": 1778789363.3387363,
    "WDC": 1778789363.3387363,
    "STX": 1778789363.3387363,
    "SMH": 1778789363.3387363,
    "SOXX": 1778789363.3387363,
    "MU": 1778789363.3387363,
    "AXTI": 1778789363.3387363,
    "ASML": 1778789604.052851,
    "TOELY": 1778789604.052851,
    "INTC": 1778789604.052851,
    "QCOM": 1778789604.052851,
    "TSM": 1778789604.052851,
    "MRVL": 1778789604.052851,
    "ON": 1778789604.052851,
    "ORCL": 1778789604.052851,
    "TSEM": 1778789604.052851,
    "QBTS": 1778789844.868114,
    "005930.KS": 1778789844.868114,
    "000660.KS": 1778789844.868114,
    "6758.T": 1778789844.868114,
    "9984.T": 1778789844.868114,
    "6501.T": 1778789844.868114,
    "6752.T": 1778789844.868114,
    "PSI": 1778789844.868114,
    "SPY": 1778789844.868114,
    "QQQ": 1778789844.868114,
    "IWM": 1778789122.8011973,
    "NVDL": 1778789122.8011973
  }
}