{
  "index": 14,
  "last_polled": {
    "LITE": 1778736303.6712,
    "LNOK": 1778736303.6712,
    "MSFT": 1778736303.6712,
    "MUU": 1778736303.6712,
    "SNDU": 1778736603.175235,
    "DRAM": 1778736603.175235,
    "LRCX": 1778736603.175235,
    "AMAT": 1778736603.175235,
    "KLAC": 1778736603.175235,
    "NVDA": 1778736603.175235,
    "AMD": 1778736603.175235,
    "WDC": 1778736603.175235,
    "STX": 1778736603.175235,
    "SMH": 1778736603.175235,
    "SOXX": 1778735681.5915666,
    "MU": 1778735681.5915666,
    "AXTI": 1778735681.5915666,
    "ASML": 1778735681.5915666,
    "TOELY": 1778735681.5915666,
    "INTC": 1778735681.5915666,
    "QCOM": 1778735681.5915666,
    "TSM": 1778735993.106101,
    "MRVL": 1778735993.106101,
    "ON": 1778735993.106101,
    "ORCL": 1778735993.106101,
    "TSEM": 1778735993.106101,
    "QBTS": 1778735993.106101,
    "005930.KS": 1778735993.106101,
    "000660.KS": 1778735993.106101,
    "6758.T": 1778735993.106101,
    "9984.T": 1778735993.106101,
    "6501.T": 1778736303.6712,
    "6752.T": 1778736303.6712,
    "PSI": 1778736303.6712,
    "SPY": 1778736303.6712,
    "QQQ": 1778736303.6712,
    "IWM": 1778736303.6712
  }
}